{"cameraMode":{"drawMode":0,"name":"Shaded","section":"Shading Mode"},"sceneLighting":true,"audioPlay":false,"sceneViewState":{"m_AlwaysRefresh":false,"showFog":true,"showSkybox":false,"showFlares":true,"showImageEffects":true,"showParticleSystems":true,"showVisualEffectGraphs":true,"m_FxEnabled":true},"in2DMode":false,"pivot":{"x":-0.1418917328119278,"y":-0.0669647753238678,"z":-0.6266252398490906},"rotation":{"x":-0.668655514717102,"y":-0.024964595213532449,"z":0.022470705211162568,"w":-0.7428237199783325},"size":1.0792253017425538,"orthographic":false}