{"cameraMode":{"drawMode":0,"name":"Shaded","section":"Shading Mode"},"sceneLighting":true,"audioPlay":false,"sceneViewState":{"m_AlwaysRefresh":false,"showFog":true,"showSkybox":true,"showFlares":true,"showImageEffects":true,"showParticleSystems":true,"showVisualEffectGraphs":true,"m_FxEnabled":true},"in2DMode":false,"pivot":{"x":4.649173259735107,"y":3.6269054412841799,"z":0.2970616817474365},"rotation":{"x":-0.03722308948636055,"y":0.9622432589530945,"z":-0.2063121497631073,"w":-0.17360663414001466},"size":2.5515735149383547,"orthographic":false}